id,ibu
6000,63.495000000000005
6001,27.5
6002,24.225
6003,55.925
6004,34.1
6005,20.9
6006,35.173
6007,24.115
6008,23.56
6009,32.155
6010,67.6
6011,55.545
6012,28.925
6013,32.385000000000005
6014,47.825
6015,46.7
6016,21.725
6017,28.25
6018,34.931
6019,41.05
6020,50.6
6021,35.375
6022,49.665
6023,25.775
6024,27.78
6025,89.15
6026,32.36
6027,32.85
6028,47.875
6029,27.49
6030,25.43
6031,15.469
6032,26.77
6033,32.95
6034,51.142
6035,71.4
6036,49.305
6037,54.85
6038,28.256
6039,34.19
6040,28.77295
6041,58.0
6042,34.6
6043,52.92999999999999
6044,26.1
6045,17.6
6046,25.46
6047,54.475
6048,26.314999999999998
6049,31.23
6050,53.975
6051,17.425
6052,35.625
6053,65.8
6054,34.225
6055,33.3
6056,61.485
6057,34.86
6058,53.307500000000005
6059,30.375
6060,40.2
6061,20.895
6062,36.875
6063,34.81
6064,41.57
6065,29.5
6066,53.65
6067,32.235
6068,35.95
6069,39.28
6070,23.39
6071,30.28
6072,39.45
6073,22.695
6074,34.15
6075,30.267000000000003
6076,26.225
6077,21.805
6078,42.87
6079,27.195
6080,33.175
6081,65.875
6082,70.3
6083,28.75
6084,35.37
6085,23.580000000000002
6086,38.075
6087,54.214999999999996
6088,25.725
6089,33.38
6090,28.125
6091,44.510000000000005
6092,58.9
6093,63.80499999999999
6094,43.265
6095,29.575
6096,33.06
6097,31.975
6098,60.4
6099,20.4
6100,32.489999999999995
6101,42.033
6102,36.955
6103,32.647000000000006
6104,46.605000000000004
6105,27.7
6106,69.55
6107,34.225
6108,66.47999999999999
6109,48.6
6110,37.835
6111,26.060000000000002
6112,90.6
6113,62.56
6114,69.2
6115,51.884
6116,66.25
6117,29.110000000000003
6118,49.7
6119,20.32
6120,37.72
6121,30.4
6122,29.425
6123,25.55
6124,32.405
6125,30.615
6126,39.55
6127,96.3
6128,18.020000000000003
6129,27.95
6130,57.175
6131,36.75
6132,63.1
6133,79.75
6134,24.2
6135,20.73
6136,39.6
6137,38.24999999999999
6138,34.96
6139,29.855
6140,58.9
6141,28.1
6142,35.881
6143,28.055
6144,30.6
6145,40.35
6146,49.8
6147,34.95
6148,79.63050000000001
6149,25.7
6150,22.705000000000002
6151,32.575
6152,34.74
6153,60.754999999999995
6154,18.005000000000003
6155,30.1
6156,60.379999999999995
6157,23.6
6158,20.32
6159,57.21
6160,27.014999999999997
6161,47.525
6162,26.1
6163,61.910000000000004
6164,65.85
6165,60.144999999999996
6166,17.15
6167,26.0
6168,33.010000000000005
6169,32.981
6170,39.36
6171,32.3
6172,31.610000000000003
6173,22.85
6174,26.95
6175,18.6
6176,41.61
6177,47.9
6178,30.5
6179,66.41
6180,32.1
6181,95.05
6182,77.35499999999999
6183,44.75
6184,51.575
6185,66.41499999999999
6186,37.45
6187,79.58
6188,44.980000000000004
6189,41.3
6190,42.315
6191,25.615
6192,42.87
6193,59.07000000000001
6194,36.55
6195,43.72
6196,26.3
6197,25.8
6198,29.845
6199,23.3935
6200,30.74
6201,61.35
6202,24.625
6203,25.610000000000003
6204,40.685
6205,52.425
6206,57.3
6207,75.72
6208,30.9
6209,61.67999999999999
6210,29.29
6211,64.905
6212,53.3
6213,26.0
6214,30.095
6215,49.0
6216,20.7625
6217,86.05
6218,32.735
6219,74.975
6220,32.45
6221,28.869999999999997
6222,49.6
6223,25.225
6224,55.2
6225,27.075
6226,21.175
6227,32.03
6228,22.765
6229,28.7
6230,64.10499999999999
6231,28.475
6232,65.75
6233,67.75
6234,39.5
6235,33.085
6236,52.6
6237,30.805
6238,43.6
6239,66.5
6240,40.925
6241,34.045
6242,34.64
6243,58.0
6244,23.86
6245,28.9
6246,23.25
6247,17.25
6248,47.85
6249,19.775
6250,31.68
6251,26.32
6252,26.845000000000006
6253,64.9
6254,55.595000000000006
6255,26.51
6256,64.905
6257,46.8
6258,22.2
6259,48.489999999999995
6260,41.410000000000004
6261,23.095
6262,54.65
6263,29.7
6264,22.009999999999998
6265,28.7
6266,19.7
6267,51.7
6268,24.955000000000002
6269,66.60499999999999
6270,65.575
6271,65.25
6272,28.95
6273,69.3
6274,32.925
6275,51.9625
6276,49.3
6277,31.794999999999998
6278,39.485
6279,57.1105
6280,15.885
6281,35.635000000000005
6282,27.07
6283,26.160000000000004
6284,25.8
6285,34.15
6286,38.275
6287,22.9
6288,28.75
6289,36.15
6290,39.5
6291,21.5
6292,20.1
6293,47.35
6294,26.810000000000002
6295,67.825
6296,32.1
6297,96.3
6298,31.26
6299,67.07000000000001
6300,28.580000000000002
6301,27.385
6302,55.595000000000006
6303,25.889999999999997
6304,85.75
6305,34.185
6306,30.52
6307,69.75
6308,28.21
6309,30.825
6310,71.925
6311,21.875
6312,27.75
6313,48.225
6314,89.15
6315,20.04
6316,39.185
6317,60.495000000000005
6318,41.5
6319,33.019999999999996
6320,15.469
6321,29.285000000000004
6322,58.975
6323,63.845000000000006
6324,66.7
6325,67.96000000000001
6326,20.75
6327,61.15
6328,91.75
6329,62.85
6330,42.510000000000005
6331,37.58
6332,70.4
6333,65.455
6334,58.025
6335,70.175
6336,33.045
6337,74.4
6338,33.635000000000005
6339,22.305
6340,29.135
6341,20.08
6342,57.71
6343,37.65
6344,35.635000000000005
6345,45.480000000000004
6346,68.705
6347,25.425
6348,26.22
6349,38.07000000000001
6350,32.85
6351,40.375
6352,24.31
6353,27.764999999999997
6354,23.475
6355,27.275
6356,32.455
6357,36.5
6358,69.25
6359,69.05
6360,61.7755
6361,37.05
6362,28.485000000000003
6363,25.125
6364,73.155
6365,36.85
6366,39.0
6367,65.65
6368,32.555
6369,20.91
6370,44.8
6371,63.004999999999995
6372,67.13
6373,41.5
6374,34.665000000000006
6375,65.625
6376,37.255
6377,41.184999999999995
6378,69.2
6379,24.82
6380,47.025
6381,66.47999999999999
6382,64.1
6383,19.8
6384,30.25
6385,41.31
6386,22.32
6387,21.56
6388,29.6
6389,43.93
6390,36.835
6391,46.94
6392,43.635000000000005
6393,25.2
6394,31.110000000000003
6395,23.65
6396,29.5
6397,24.27
6398,66.8
6399,28.5
6400,25.225
6401,32.315
6402,28.2
6403,53.95
6404,60.45
6405,20.85
6406,32.8
6407,36.7
6408,55.7
6409,40.760000000000005
6410,41.410000000000004
6411,33.785000000000004
6412,27.869999999999997
6413,58.815
6414,22.705000000000002
6415,52.45
6416,62.404999999999994
6417,29.5
6418,67.9
6419,83.175
6420,62.404999999999994
6421,28.135
6422,30.275
6423,24.5
6424,37.7625
6425,72.675
6426,64.7
6427,56.08
6428,64.7
6429,33.2105
6430,29.22
6431,20.965
6432,67.15
6433,36.955
6434,26.6
6435,32.775
6436,23.16
6437,27.47
6438,31.7
6439,28.95
6440,38.65
6441,32.3
6442,55.825
6443,25.775
6444,22.785
6445,29.85
6446,27.65
6447,31.235000000000003
6448,54.9
6449,19.130000000000003
6450,40.61
6451,23.445
6452,33.7
6453,58.15
6454,30.397000000000002
6455,37.0
6456,25.4
6457,27.025
6458,26.575
6459,38.705
6460,33.475
6461,33.795
6462,29.72
6463,21.065
6464,32.1
6465,20.99
6466,18.219
6467,53.222500000000004
6468,18.564999999999998
6469,34.6
6470,59.75
6471,66.65
6472,25.36
6473,22.625
6474,21.4
6475,38.129999999999995
6476,27.1
6477,62.75
6478,37.45
6479,32.2
6480,24.490000000000002
6481,41.410000000000004
6482,32.62
6483,21.655
6484,36.175
6485,32.364999999999995
6486,30.3
6487,23.575
6488,73.15
6489,66.75
6490,34.65
6491,41.12
6492,40.265
6493,29.785000000000004
6494,32.3
6495,59.44500000000001
6496,67.6
6497,21.560000000000002
6498,66.35
6499,30.005000000000003
6500,58.15
6501,45.825
6502,41.15
6503,59.5
6504,64.3
6505,46.75
6506,24.11
6507,64.65
6508,22.85
6509,33.415
6510,87.45
6511,28.9
6512,59.725
6513,69.465
6514,36.480000000000004
6515,56.4
6516,29.429999999999996
6517,68.85
6518,28.625
6519,69.95
6520,57.9
6521,61.4
6522,48.92
6523,62.75
6524,23.41
6525,70.7
6526,39.6
6527,45.8
6528,18.55
6529,31.245000000000005
6530,22.0685
6531,57.614999999999995
6532,61.15
6533,26.5
6534,18.395
6535,31.095
6536,32.705
6537,22.98
6538,69.05
6539,27.160000000000004
6540,31.825
6541,41.410000000000004
6542,41.5
6543,74.85
6544,21.55
6545,88.91499999999999
6546,26.335
6547,21.7
6548,29.675
6549,31.4
6550,52.845000000000006
6551,36.35
6552,39.07
6553,27.4
6554,35.5
6555,34.9
6556,29.9
6557,24.8
6558,26.665
6559,86.05
6560,39.585
6561,33.515
6562,70.83
6563,46.315
6564,23.61
6565,106.3
6566,83.79549999999999
6567,41.410000000000004
6568,59.1
6569,30.96295
6570,25.895
6571,66.47999999999999
6572,88.95
6573,38.46
6574,28.21
6575,19.439999999999998
6576,73.45
6577,40.33
6578,90.55
6579,63.92
6580,31.26
6581,64.71000000000001
6582,14.080000000000002
6583,31.95
6584,23.65
6585,93.705
6586,23.31
6587,31.245000000000005
6588,18.745
6589,21.25
6590,19.45
6591,55.169000000000004
6592,18.215
6593,51.545
6594,39.765
6595,25.76
6596,28.52
6597,25.8
6598,40.05
6599,37.19
6600,27.060000000000002
6601,26.845000000000006
6602,24.89
6603,34.14
6604,88.9
6605,31.1
6606,30.525
6607,34.65
6608,23.4
6609,18.61
6610,19.259999999999998
6611,32.595
6612,55.475
6613,38.245000000000005
6614,27.714999999999996
6615,37.6
6616,21.48
6617,33.9
6618,35.04
6619,34.305
6620,92.015
6621,18.925
6622,33.815
6623,62.625
6624,29.54
6625,21.182499999999997
6626,71.45
6627,30.805
6628,40.78
6629,27.905
6630,34.835
6631,31.619999999999997
6632,70.05
6633,39.15
6634,59.325
6635,53.25
6636,94.2
6637,42.245000000000005
6638,22.990000000000002
6639,26.310000000000002
6640,21.134999999999998
6641,59.30499999999999
6642,19.2
6643,36.32
6644,25.95
6645,30.419999999999998
6646,62.404999999999994
6647,69.75
6648,38.55
6649,29.325
6650,75.75
6651,29.345
6652,30.75
6653,24.705000000000002
6654,30.46
6655,46.15
6656,55.427499999999995
6657,33.335
6658,43.15
6659,21.56
6660,64.5
6661,39.6
6662,60.6
6663,34.105000000000004
6664,70.0
6665,27.660000000000004
6666,64.755
6667,25.8125
6668,30.610000000000003
6669,95.1
6670,26.665
6671,30.21
6672,25.1
6673,26.235000000000003
6674,46.375
6675,24.615000000000002
6676,20.65
6677,30.45
6678,24.595
6679,36.58
6680,21.775
6681,32.9
6682,33.53
6683,20.5
6684,71.95
6685,90.9
6686,33.06
6687,62.21
6688,18.7
6689,22.9
6690,22.95
6691,30.155
6692,44.5
6693,64.1
6694,41.45
6695,30.080000000000002
6696,28.18
6697,24.5
6698,68.07000000000001
6699,21.35
6700,22.85
6701,68.35
6702,61.15
6703,61.169999999999995
6704,61.169999999999995
6705,35.7105
6706,21.990000000000002
6707,32.92
6708,65.245
6709,45.445
6710,41.185
6711,63.455
6712,21.805
6713,20.714999999999996
6714,63.55
6715,62.3
6716,41.5
6717,40.713
6718,18.52
6719,26.415
6720,27.21
6721,79.4
6722,67.8
6723,31.35
6724,29.025
6725,44.15
6726,39.72
6727,28.360000000000003
6728,28.54
6729,29.125
6730,48.842
6731,24.455000000000002
6732,37.005
6733,69.55
6734,66.9
6735,21.1
6736,34.2
6737,77.3
6738,24.325
6739,31.959999999999997
6740,32.535000000000004
6741,19.819
6742,25.035
6743,19.994999999999997
6744,29.6
6745,44.4
6746,21.17
6747,34.95
6748,30.175
6749,33.5083
6750,25.5
6751,68.15
6752,37.65
6753,25.825
6754,46.94
6755,69.85
6756,30.29
6757,23.29
6758,40.35
6759,52.6
6760,75.35499999999999
6761,27.68
6762,91.715
6763,47.37
6764,22.2075
6765,39.605000000000004
6766,22.98
6767,41.8
6768,75.96000000000001
6769,51.35
6770,61.754999999999995
6771,42.105000000000004
6772,24.55
6773,19.75
6774,42.15
6775,70.35
6776,23.475
6777,26.2
6778,54.125
6779,44.355000000000004
6780,70.155
6781,24.955000000000002
6782,64.25
6783,47.975
6784,24.75
6785,22.2
6786,21.65
6787,22.05
6788,31.75
6789,23.915
6790,26.630000000000003
6791,31.825
6792,28.05
6793,66.25
6794,28.0
6795,29.885
6796,34.35295
6797,37.8
6798,29.025
6799,41.5
6800,53.9
6801,28.475
6802,27.660000000000004
6803,22.695
6804,69.05
6805,49.7
6806,70.2
6807,35.8
6808,55.3
6809,67.7
6810,80.9
6811,27.21
6812,22.09
6813,31.205000000000002
6814,11.18
6815,31.26
6816,52.169000000000004
6817,40.230000000000004
6818,21.46
6819,49.625
6820,50.05
6821,16.8
6822,32.3
6823,33.31
6824,26.0
6825,17.169
6826,24.2
6827,34.75
6828,57.989999999999995
6829,32.635
6830,27.714999999999996
6831,18.41
6832,23.23
6833,25.15
6834,90.9
6835,18.7
6836,37.47
6837,53.8
6838,64.10499999999999
6839,23.055
6840,54.48
6841,17.725
6842,106.05
6843,31.0
6844,25.669999999999998
6845,23.115000000000002
6846,66.4
6847,24.825
6848,50.5
6849,31.03
6850,36.8
6851,44.614999999999995
6852,18.7375
6853,37.8
6854,33.925
6855,33.15
6856,61.25
6857,42.565
6858,46.55
6859,27.73
6860,23.990000000000002
6861,28.18
6862,22.895
6863,25.25
6864,30.0
6865,86.17999999999999
6866,22.225
6867,29.665
6868,32.55
6869,32.269999999999996
6870,22.915
6871,50.295
6872,40.964999999999996
6873,35.04
6874,33.425
6875,23.3
6876,65.975
6877,68.55
6878,34.185
6879,42.63
6880,30.68
6881,25.77
6882,36.5
6883,26.310000000000002
6884,66.42999999999999
6885,79.15
6886,29.885
6887,58.625
6888,69.0
6889,24.41
6890,21.1
6891,27.85
6892,61.4
6893,33.45
6894,59.55
6895,33.21
6896,23.48
6897,38.355000000000004
6898,70.1
6899,30.46
6900,39.605000000000004
6901,27.2
6902,29.72
6903,38.11
6904,37.0
6905,29.429999999999996
6906,39.2
6907,47.845
6908,29.5
6909,18.669
6910,41.325
6911,36.875
6912,53.6
6913,17.4575
6914,46.55
6915,25.15
6916,66.315
6917,36.885000000000005
6918,31.75
6919,101.8
6920,31.455000000000002
6921,93.35
6922,97.7
6923,25.65
6924,40.85
6925,68.6
6926,62.4
6927,88.41499999999999
6928,30.53
6929,28.635
6930,47.9
6931,57.65
6932,72.765
6933,60.364999999999995
6934,26.1
6935,99.95
6936,60.75
6937,26.665
6938,67.07000000000001
6939,26.32
6940,66.675
6941,20.5
6942,21.075
6943,22.335
6944,71.65
6945,22.45
6946,34.3
6947,30.339999999999996
6948,39.05
6949,90.9
6950,30.98
6951,29.014999999999997
6952,25.425
6953,79.55
6954,26.35
6955,47.375
6956,20.47
6957,32.5
6958,32.095
6959,30.52
6960,41.5
6961,37.45
6962,35.04
6963,24.02
6964,34.3
6965,28.160000000000004
6966,27.639999999999997
6967,39.0105
6968,27.005000000000003
6969,36.895
6970,38.285000000000004
6971,29.339999999999996
6972,32.62
6973,20.375
6974,15.975
6975,22.979999999999997
6976,93.705
6977,27.714999999999996
6978,30.580000000000002
6979,25.225
6980,24.869999999999997
6981,19.055
6982,18.494999999999997
6983,22.45
6984,35.1
6985,18.020000000000003
6986,33.335
6987,26.275
6988,39.71
6989,22.225
6990,33.8
6991,65.05
6992,36.8
6993,67.675
6994,79.75
6995,93.1
6996,24.325
6997,64.5
6998,34.15
6999,28.25
7000,60.55
7001,43.35
7002,30.330000000000002
7003,43.35
7004,24.240000000000002
7005,56.904999999999994
7006,49.5
7007,22.665
7008,43.765
7009,30.2
7010,28.9
7011,31.24
7012,26.9
7013,18.41
7014,28.35
7015,54.625
7016,38.5
7017,91.55
7018,29.54
7019,36.339999999999996
7020,38.915
7021,39.480000000000004
7022,14.094999999999999
7023,35.9
7024,48.925
7025,42.16
7026,20.77
7027,29.85
7028,34.15
7029,32.045
7030,60.120000000000005
7031,39.05
7032,36.3
7033,26.110000000000003
7034,27.9
7035,26.025
7036,27.060000000000002
7037,63.55
7038,38.35
7039,21.0
7040,59.475
7041,41.410000000000004
7042,25.985000000000003
7043,40.175
7044,53.765
7045,29.110000000000003
7046,44.495
7047,29.7
7048,48.61
7049,68.975
7050,21.82
7051,60.17999999999999
7052,67.8
7053,56.9
7054,21.805
7055,26.5
7056,28.7
7057,47.9
7058,27.65
7059,36.96
7060,29.860000000000003
7061,25.32
7062,31.7
7063,23.86
7064,39.95
7065,30.75
7066,47.875
7067,68.6
7068,22.064999999999998
7069,22.5
7070,61.4
7071,25.74
7072,41.175
7073,77.955
7074,39.269999999999996
7075,27.714999999999996
7076,27.28
7077,49.455
7078,24.97
7079,58.614999999999995
7080,33.75
7081,28.85
7082,25.85
7083,30.669999999999998
7084,22.97
7085,63.955
7086,27.65
7087,67.6
7088,65.4
7089,49.4
7090,39.15
7091,10.33
7092,41.975
7093,22.65
7094,26.35
7095,48.805
7096,21.725
7097,49.065
7098,19.759999999999998
7099,27.075
7100,32.154999999999994
7101,67.21000000000001
7102,56.7
7103,30.1
7104,21.85
7105,18.494999999999997
7106,48.875
7107,24.73
7108,19.7
7109,26.895
7110,35.3
7111,38.275
7112,26.595000000000006
7113,42.625
7114,36.394999999999996
7115,26.4
7116,89.925
7117,27.53
7118,89.15
7119,21.725
7120,58.05
7121,31.6
7122,25.25
7123,28.662
7124,39.56
7125,21.615000000000002
7126,69.675
7127,46.4125
7128,59.154999999999994
7129,29.85
7130,30.8
7131,46.875
7132,30.6
7133,25.29
7134,45.8
7135,27.21
7136,34.875
7137,24.5
7138,29.22
7139,36.025
7140,35.38
7141,73.475
7142,69.425
7143,33.65
7144,23.305
7145,26.1
7146,43.03
7147,62.154999999999994
7148,25.3
7149,67.6
7150,66.05
7151,68.85499999999999
7152,84.375
7153,31.4
7154,40.415
7155,24.22
7156,63.6
7157,26.445
7158,61.1
7159,31.4
7160,52.9
7161,24.95
7162,26.325
7163,31.405
7164,24.744999999999997
7165,34.85
7166,54.121
7167,19.235
7168,30.135
7169,27.025
7170,73.1
7171,22.335
7172,27.1
7173,34.055
7174,42.0
7175,73.15
7176,48.805
7177,23.81
7178,29.5
7179,29.5
7180,42.65
7181,28.880000000000003
7182,37.2
7183,42.8
7184,15.030000000000001
7185,42.15
7186,70.1
7187,33.35
7188,56.775
7189,29.93
7190,50.35
7191,56.69200000000001
7192,23.865000000000002
7193,41.075
7194,19.134999999999998
7195,33.15
7196,38.705
7197,67.7
7198,44.4
7199,51.065
7200,39.4
7201,24.119999999999997
7202,77.885
7203,21.575
7204,28.975
7205,29.5
7206,31.855
7207,37.892
7208,34.46
7209,25.2
7210,56.3
7211,34.3
7212,22.225
7213,55.025
7214,18.395
7215,27.985000000000003
7216,43.347500000000004
7217,20.3
7218,16.66
7219,31.26
7220,26.75
7221,75.25
7222,32.825
7223,56.7
7224,40.35
7225,40.07
7226,31.7
7227,26.380000000000003
7228,45.3775
7229,32.235
7230,32.65
7231,69.1
7232,57.815
7233,41.410000000000004
7234,28.235000000000003
7235,18.55
7236,23.22
7237,29.075
7238,34.17
7239,89.65
7240,60.7
7241,29.95
7242,36.5
7243,29.125
7244,23.830000000000002
7245,30.05
7246,55.3
7247,58.815
7248,22.294999999999998
7249,64.10499999999999
7250,43.45
7251,16.705000000000002
7252,39.660000000000004
7253,31.46
7254,31.51
7255,30.15
7256,27.4
7257,20.71
7258,26.55
7259,60.7
7260,24.47
7261,25.55
7262,18.6
7263,76.46000000000001
7264,82.875
7265,43.95
7266,25.505000000000003
7267,20.965
7268,89.6
7269,26.1
7270,38.129999999999995
7271,37.939
7272,36.8
7273,64.1
7274,27.810000000000002
7275,32.505
7276,30.45
7277,18.564999999999998
7278,33.21
7279,64.87
7280,31.794999999999998
7281,73.5
7282,25.044999999999998
7283,32.239999999999995
7284,28.125
7285,23.45
7286,32.525
7287,54.9
7288,48.619
7289,34.335
7290,64.81
7291,28.610000000000003
7292,42.25
7293,92.795
7294,37.985
7295,52.415
7296,19.9
7297,20.125
7298,21.4535
7299,31.725
7300,28.74
7301,79.71000000000001
7302,28.975
7303,22.235
7304,34.86
7305,26.5
7306,89.61
7307,34.655
7308,25.669999999999998
7309,36.3
7310,33.95
7311,33.15
7312,34.535000000000004
7313,90.41499999999999
7314,43.95
7315,53.69
7316,18.325
7317,20.544999999999998
7318,24.155
7319,41.245
7320,43.35
7321,59.154999999999994
7322,69.05
7323,30.925
7324,35.625
7325,67.95
7326,100.85
7327,90.45
7328,18.96
7329,53.7
7330,66.60499999999999
7331,46.120000000000005
7332,59.6
7333,23.6875
7334,78.4
7335,88.05
7336,23.23
7337,18.6
7338,23.565
7339,18.745
7340,74.67999999999999
7341,36.45
7342,27.8
7343,31.55
7344,56.55
7345,25.15
7346,57.2
7347,58.370000000000005
7348,26.410000000000004
7349,37.85
7350,32.519999999999996
7351,19.7
7352,49.13
7353,38.625
7354,18.564999999999998
7355,24.155
7356,23.025
7357,33.835
7358,56.754999999999995
7359,26.110000000000003
7360,46.221000000000004
7361,28.47
7362,20.025
7363,24.255000000000003
7364,34.9
7365,18.6
7366,26.060000000000002
7367,34.175
7368,33.15
7369,67.07000000000001
7370,24.955000000000002
7371,23.66
7372,145.85
7373,36.68
7374,50.177499999999995
7375,30.330000000000002
7376,33.45
7377,31.810000000000002
7378,36.283
7379,32.36
7380,23.794999999999998
7381,75.33
7382,27.025
7383,18.830000000000002
7384,42.678000000000004
7385,30.4
7386,41.8
7387,44.62
7388,20.85
7389,67.325
7390,25.610000000000003
7391,61.25
7392,16.66
7393,95.05
7394,49.85
7395,35.2
7396,21.134999999999998
7397,28.610000000000003
7398,57.525
7399,31.205000000000002
7400,26.575
7401,26.310000000000002
7402,40.65
7403,35.3
7404,65.65
7405,55.169000000000004
7406,51.4
7407,25.425
7408,28.25
7409,59.45
7410,65.05
7411,40.35
7412,47.9
7413,30.25
7414,70.175
7415,34.19
7416,25.935000000000002
7417,64.25
7418,36.95
7419,25.585
7420,24.9
7421,34.19
7422,21.315
7423,86.41499999999999
7424,25.2
7425,48.28
7426,37.6
7427,55.165
7428,22.979999999999997
7429,34.831
7430,57.9
7431,29.9583
7432,32.6
7433,29.185000000000002
7434,33.894999999999996
7435,48.155
7436,26.595000000000006
7437,25.2
7438,22.225
7439,65.975
7440,25.775
7441,53.095000000000006
7442,63.7
7443,25.5
7444,53.55
7445,64.55499999999999
7446,98.0
7447,69.85
7448,25.610000000000003
7449,28.75
7450,48.6
7451,24.695
7452,35.075
7453,61.9
7454,60.6
7455,31.715000000000003
7456,26.360000000000003
7457,26.214999999999996
7458,94.89
7459,20.05
7460,33.15
7461,33.68
7462,32.85
7463,41.55
7464,41.85
7465,21.68
7466,28.01
7467,28.825
7468,55.9
7469,70.8
7470,55.169000000000004
7471,68.375
7472,22.0
7473,20.8
7474,44.62
7475,40.964999999999996
7476,83.3
7477,25.95
7478,38.87
7479,75.33
7480,34.995
7481,21.805
7482,39.55
7483,30.1
7484,50.53
7485,27.8
7486,21.5
7487,35.895
7488,41.95
7489,40.175
7490,53.65
7491,23.21
7492,20.830000000000002
7493,30.4
7494,35.555
7495,31.525
7496,95.295
7497,66.05499999999999
7498,47.875
7499,30.6
7500,28.355
7501,25.15
7502,69.95
7503,23.244999999999997
7504,23.884999999999998
7505,25.665
7506,27.360000000000003
7507,90.83500000000001
7508,32.15
7509,43.43
7510,26.560000000000002
7511,49.05
7512,29.85
7513,25.860000000000003
7514,28.93
7515,38.705
7516,75.72
7517,29.630000000000003
7518,25.2
7519,58.625
7520,36.775
7521,28.505000000000003
7522,30.46
7523,30.3
7524,68.215
7525,82.9605
7526,30.45
7527,32.989999999999995
7528,67.7855
7529,38.275
7530,28.220000000000006
7531,62.45
7532,34.3
7533,30.1
7534,22.225
7535,41.96
7536,71.245
7537,36.075
7538,87.9
7539,29.35
7540,23.294999999999998
7541,32.9
7542,72.15
7543,63.4
7544,26.6
7545,30.788300000000003
7546,45.65
7547,40.81
7548,53.069
7549,75.1
7550,26.560000000000002
7551,64.755
7552,21.375
7553,41.1
7554,30.915
7555,50.9
7556,25.014999999999997
7557,55.36
7558,65.65
7559,25.32
7560,67.7
7561,46.155
7562,45.325
7563,35.2
7564,32.288
7565,43.563
7566,83.275
7567,60.19500000000001
7568,30.905
7569,20.130000000000003
7570,29.025
7571,68.215
7572,32.019999999999996
7573,29.089999999999996
7574,66.05499999999999
7575,21.17
7576,19.405
7577,41.410000000000004
7578,73.925
7579,31.809999999999995
7580,37.145
7581,26.110000000000003
7582,74.8
7583,40.95
7584,73.155
7585,45.8
7586,52.6
7587,63.35
7588,23.884999999999998
7589,68.6
7590,32.945
7591,41.31
7592,40.55
7593,21.56
7594,30.605
7595,23.6
7596,42.85
7597,42.575
7598,32.114999999999995
7599,29.325499999999998
7600,58.205
7601,57.589999999999996
7602,53.1
7603,35.85
7604,54.835
7605,34.6
7606,69.75
7607,47.875
7608,56.15
7609,49.93
7610,47.275
7611,35.475
7612,57.239999999999995
7613,28.880000000000003
7614,27.887
7615,26.46
7616,39.35
7617,16.979999999999997
7618,74.45
7619,61.855
7620,29.03
7621,57.214999999999996
7622,26.660000000000004
7623,60.295
7624,49.95
7625,24.145000000000003
7626,57.595000000000006
7627,32.055
7628,24.955000000000002
7629,46.94
7630,61.004999999999995
7631,61.85
7632,18.464999999999996
7633,23.73
7634,29.82
7635,79.75
7636,139.45
7637,73.01
7638,51.5
7639,40.38
7640,20.720000000000002
7641,40.81
7642,44.13
7643,66.875
7644,28.0
7645,58.675
7646,22.759999999999998
7647,33.02
7648,36.83
7649,17.215
7650,45.230000000000004
7651,38.935
7652,66.7
7653,55.2
7654,38.525
7655,46.55
7656,34.225
7657,45.6
7658,26.9
7659,24.119999999999997
7660,35.885000000000005
7661,27.714999999999996
7662,26.55
7663,59.5
7664,26.9
7665,33.78
7666,95.05
7667,29.85
7668,88.3
7669,30.210500000000003
7670,68.2
7671,25.294999999999998
7672,68.16499999999999
7673,34.19
7674,68.15
7675,67.66499999999999
7676,26.895
7677,64.755
7678,44.135000000000005
7679,69.74549999999999
7680,75.875
7681,19.345
7682,74.4
7683,22.695
7684,30.335
7685,46.2
7686,38.6
7687,57.114999999999995
7688,30.330000000000002
7689,23.445
7690,56.75
7691,30.1
7692,64.85499999999999
7693,52.595000000000006
7694,25.55
7695,71.9
7696,62.154999999999994
7697,29.5
7698,58.35
7699,32.364999999999995
7700,70.1
7701,34.536
7702,88.66499999999999
7703,78.01
7704,16.755000000000003
7705,32.85
7706,63.175
7707,39.585
7708,40.63
7709,60.95
7710,22.665
7711,29.2
7712,23.965
7713,30.0
7714,24.15
7715,90.73499999999999
7716,43.8
7717,34.19
7718,32.375
7719,40.55
7720,88.05
7721,45.75
7722,56.15
7723,25.785000000000004
7724,21.45
7725,40.35
7726,40.975
7727,29.8
7728,22.31
7729,87.865
7730,39.480000000000004
7731,35.05499999999999
7732,25.15
7733,17.2
7734,22.009999999999998
7735,39.57
7736,26.21
7737,40.21
7738,24.0
7739,39.6
7740,29.869999999999997
7741,60.120000000000005
7742,51.005
7743,56.0
7744,46.2
7745,66.005
7746,37.835
7747,29.235000000000003
7748,47.239999999999995
7749,36.339999999999996
7750,89.15
7751,29.845
7752,37.35
7753,68.215
7754,26.314999999999998
7755,22.225
7756,28.630000000000003
7757,27.05
7758,26.725
7759,56.154999999999994
7760,70.7
7761,23.935
7762,53.2
7763,74.15
7764,40.223
7765,39.55
7766,28.130000000000003
7767,20.75
7768,29.005000000000003
7769,93.39500000000001
7770,31.055
7771,31.4
7772,47.375
7773,46.94
7774,52.6
7775,30.3
7776,19.62
7777,59.94
7778,35.845
7779,30.655
7780,39.35
7781,27.21
7782,55.65
7783,48.114999999999995
7784,26.4
7785,27.7
7786,47.825
7787,38.725
7788,55.0
7789,36.75
7790,61.4
7791,32.760000000000005
7792,35.0
7793,29.93
7794,84.515
7795,31.9
7796,61.4
7797,27.310000000000002
7798,37.07
7799,58.55
7800,28.95
7801,41.085
7802,37.525
7803,55.825
7804,30.005000000000003
7805,54.15
7806,29.435000000000002
7807,68.215
7808,27.95
7809,45.4
7810,69.05
7811,60.1
7812,27.425
7813,29.008300000000002
7814,64.10499999999999
7815,70.495
7816,29.755000000000003
7817,78.2955
7818,60.975
7819,68.15
7820,71.225
7821,39.765
7822,30.535000000000004
7823,37.55
7824,25.775
7825,25.29
7826,62.325
7827,34.65
7828,58.9
7829,32.075
7830,20.294999999999998
7831,51.8775
7832,24.03
7833,68.6
7834,32.15
7835,16.880000000000003
7836,26.195
7837,29.5
7838,29.429999999999996
7839,29.175
7840,69.75
7841,28.5
7842,25.610000000000003
7843,29.5
7844,33.8
7845,47.67
7846,32.981
7847,22.81
7848,41.05
7849,24.415
7850,81.39
7851,27.5
7852,37.45
7853,50.6
7854,69.265
7855,86.95
7856,27.7
7857,52.629999999999995
7858,51.75750000000001
7859,27.21
7860,22.5
7861,31.625
7862,69.75
7863,62.56
7864,34.79
7865,41.665
7866,56.55
7867,24.75
7868,32.29
7869,41.0
7870,33.415
7871,22.55
7872,22.7
7873,24.3
7874,24.835
7875,33.45
7876,33.12
7877,83.8
7878,30.46
7879,25.2
7880,23.44
7881,24.455000000000002
7882,65.95
7883,18.825
7884,64.5
7885,41.6955
7886,31.435000000000002
7887,52.845000000000006
7888,68.4
7889,47.25
7890,69.755
7891,27.1
7892,54.645
7893,66.65
7894,67.07000000000001
7895,26.915
7896,53.82000000000001
7897,19.11
7898,20.45
7899,48.35
7900,30.4
7901,58.9
7902,26.125
7903,52.75
7904,20.720000000000002
7905,34.15
7906,76.975
7907,35.025
7908,58.975
7909,35.459999999999994
7910,32.7
7911,28.07
7912,33.475
7913,37.480000000000004
7914,25.14
7915,99.75
7916,33.894999999999996
7917,27.98
7918,33.71
7919,31.51
7920,37.285000000000004
7921,27.1
7922,41.45
7923,61.875
7924,30.419999999999998
7925,65.625
7926,57.1
7927,34.65
7928,69.25
7929,89.4
7930,31.244999999999997
7931,17.235
7932,34.81
7933,38.45
7934,70.155
7935,31.310000000000002
7936,20.91
7937,33.685
7938,34.79
7939,20.35
7940,43.2375
7941,67.75
7942,23.330000000000002
7943,23.3
7944,30.53
7945,33.425
7946,33.45
7947,25.244999999999997
7948,37.410000000000004
7949,65.15
7950,90.25
7951,35.31
7952,93.35
7953,25.25
7954,18.535
7955,20.08
7956,23.355
7957,20.04
7958,26.475
7959,25.55
7960,35.625
7961,19.75
7962,25.25
7963,63.9
7964,22.975
7965,24.725
7966,20.830000000000002
7967,37.633
7968,42.135000000000005
7969,66.15
7970,80.0
7971,37.263
7972,18.215
7973,34.95
7974,25.79
7975,88.85
7976,27.51
7977,34.95
7978,37.53
7979,43.660000000000004
7980,25.5
7981,24.0075
7982,68.2
7983,21.655
7984,23.05
7985,91.55
7986,72.795
7987,80.9
7988,97.845
7989,61.660000000000004
7990,63.455
7991,24.955000000000002
7992,27.660000000000004
7993,33.2
7994,56.65
7995,28.425
7996,29.6
7997,56.45
7998,22.225
7999,21.3
8000,53.65
8001,62.65
8002,89.065
8003,36.885000000000005
8004,26.85
8005,42.25
8006,30.315000000000005
8007,21.3
8008,26.310000000000002
8009,23.21
8010,21.315
8011,31.4
8012,72.05
8013,49.8
8014,97.7
8015,23.305
8016,31.135
8017,58.45
8018,46.65
8019,56.9
8020,31.160000000000004
8021,93.1
8022,25.2
8023,21.2475
8024,61.395
8025,20.145
8026,26.71
8027,32.545
8028,69.1
8029,63.8
8030,20.580000000000002
8031,13.155000000000001
8032,28.0
8033,27.544999999999998
8034,32.35
8035,67.35
8036,28.6
8037,23.0
8038,30.6
8039,31.75
8040,40.82000000000001
8041,28.25
8042,67.33500000000001
8043,30.330000000000002
8044,28.78
8045,32.905
8046,32.220000000000006
8047,47.940000000000005
8048,27.610000000000003
8049,58.0
8050,31.75
8051,24.0
8052,38.88
8053,69.35499999999999
8054,35.75
8055,60.625
8056,69.45
8057,36.255
8058,92.1
8059,28.01
8060,29.4
8061,37.35
8062,32.575
8063,26.560000000000002
8064,28.35
8065,33.46
8066,78.1
8067,25.45
8068,23.505000000000003
8069,57.2
8070,66.65
8071,52.677499999999995
8072,27.110000000000003
8073,47.9
8074,30.2
8075,21.369999999999997
8076,22.2075
8077,30.525
8078,27.110000000000003
8079,53.235
8080,36.345000000000006
8081,86.55
8082,54.95
8083,36.8
8084,61.22499999999999
8085,96.0
8086,16.625
8087,32.335
8088,22.605
8089,54.5
8090,36.68
8091,29.830000000000002
8092,64.10499999999999
8093,34.19
8094,65.25999999999999
8095,21.225
8096,71.245
8097,75.55
8098,26.139999999999997
8099,68.215
8100,33.425
8101,39.05
8102,16.455000000000002
8103,42.545500000000004
8104,30.435000000000002
8105,32.455
8106,21.7
8107,22.225
8108,26.610000000000003
8109,20.525
8110,36.955
8111,33.635000000000005
8112,93.35
8113,20.905
8114,27.5
8115,29.4
8116,22.979999999999997
8117,29.655
8118,92.05
8119,29.95
8120,48.464999999999996
8121,74.2
8122,43.894999999999996
8123,47.05
8124,67.65
8125,31.955000000000002
8126,75.35499999999999
8127,29.825
8128,23.55
8129,37.585
8130,30.095
8131,44.63
8132,34.1
8133,32.35
8134,69.8
8135,30.46
8136,27.360000000000003
8137,33.8
8138,71.965
8139,31.294999999999998
8140,25.71
8141,28.025
8142,49.025
8143,36.4
8144,22.55
8145,28.585
8146,28.95
8147,47.65
8148,67.45
8149,22.77
8150,61.15
8151,31.675
8152,72.95
8153,29.93
8154,62.95
8155,28.73
8156,96.3
8157,30.85
8158,56.45
8159,29.0
8160,39.65
8161,26.05
8162,25.0
8163,25.44
8164,63.9
8165,41.275
8166,52.3
8167,22.59
8168,28.8
8169,20.6
8170,44.114999999999995
8171,19.4
8172,65.495
8173,33.339999999999996
8174,38.87
8175,32.035000000000004
8176,27.73295
8177,48.65
8178,32.5
8179,27.3
8180,31.355
8181,40.46
8182,37.835
8183,34.735
8184,29.0
8185,37.55
8186,73.1
8187,39.4
8188,90.205
8189,27.110000000000003
8190,35.3
8191,38.565
8192,37.58
8193,41.9
8194,61.69500000000001
8195,23.0
8196,32.730000000000004
8197,21.315
8198,28.880000000000003
8199,36.885000000000005
8200,29.9
8201,18.96
8202,54.029999999999994
8203,26.55
8204,24.384999999999998
8205,31.585
8206,28.32
8207,28.830000000000002
8208,64.825
8209,60.614999999999995
8210,74.1
8211,18.464999999999996
8212,50.6
8213,41.96
8214,51.45
8215,46.38
8216,23.0325
8217,31.762
8218,22.9
8219,25.575
8220,23.8
8221,63.55
8222,36.875
8223,61.3
8224,20.5
8225,61.55
8226,50.2625
8227,33.614999999999995
8228,70.35
8229,36.855000000000004
8230,27.21
8231,55.214999999999996
8232,30.175
8233,32.3
8234,52.1
8235,48.925
8236,73.1
8237,66.315
8238,65.65
8239,26.575
8240,36.5
8241,99.84
8242,33.445
8243,32.0
8244,62.24499999999999
8245,51.125
8246,22.95
8247,60.364999999999995
8248,36.305
8249,42.3
8250,54.6
8251,18.735
8252,76.825
8253,39.95
8254,30.744999999999997
8255,55.5
8256,19.57
8257,46.6
8258,23.72
8259,11.53
8260,28.25
8261,62.21
8262,80.81
8263,58.825
8264,26.080000000000002
8265,69.845
8266,88.05
8267,29.75
8268,56.779999999999994
8269,89.6
8270,26.110000000000003
8271,20.830000000000002
8272,80.625
8273,20.5
8274,43.695
8275,54.65
8276,27.3
8277,26.560000000000002
8278,34.195
8279,26.49
8280,83.91
8281,27.714999999999996
8282,31.52
8283,27.55
8284,41.795
8285,68.63550000000001
8286,38.375
8287,64.1
8288,27.3
8289,27.235000000000003
8290,40.15
8291,37.0
8292,22.225
8293,27.330000000000002
8294,58.075
8295,68.215
8296,59.0
8297,26.53295
8298,29.458299999999998
8299,17.3
8300,56.45
8301,91.55
8302,66.2
8303,27.581
8304,48.745
8305,61.25
8306,59.85
8307,18.735
8308,24.107499999999998
8309,34.14
8310,35.18
8311,103.8
8312,32.864999999999995
8313,21.5
8314,30.1
8315,30.788300000000003
8316,31.51
8317,21.265
8318,25.215
8319,49.8
8320,23.830000000000002
8321,51.36
8322,25.32
8323,20.08
8324,38.415
8325,23.225
8326,18.215
8327,19.78
8328,54.85
8329,84.775
8330,97.44
8331,19.439999999999998
8332,47.760000000000005
8333,73.15
8334,19.819
8335,32.3
8336,23.2235
8337,27.202999999999996
8338,92.15
8339,24.61
8340,56.295
8341,21.315
8342,26.9
8343,57.925
8344,47.755
8345,54.0
8346,30.790000000000003
8347,28.85
8348,63.21
8349,60.120000000000005
8350,69.05
8351,41.45
8352,18.519
8353,32.6605
8354,63.1
8355,85.46549999999999
8356,36.585
8357,38.37
8358,24.22
8359,22.225
8360,37.385000000000005
8361,39.6
8362,51.0
8363,22.294999999999998
8364,29.5
8365,22.325
8366,68.205
8367,53.65
8368,84.3
8369,39.35
8370,47.835
8371,70.495
8372,31.905
8373,45.925
8374,19.98
8375,45.273
8376,41.795500000000004
8377,66.9
8378,31.535000000000004
8379,74.45
8380,28.135
8381,67.6
8382,18.745
8383,70.1
8384,42.114999999999995
8385,19.9
8386,28.355
8387,37.71
8388,29.655
8389,24.357499999999998
8390,30.855
8391,26.660000000000004
8392,42.9
8393,68.215
8394,49.88
8395,44.55
8396,54.19
8397,29.264999999999997
8398,42.65
8399,27.95
8400,42.5
8401,64.975
8402,35.875
8403,20.095
8404,27.077999999999996
8405,64.975
8406,66.8
8407,23.56
8408,49.1
8409,31.060000000000002
8410,35.68
8411,53.489999999999995
8412,54.55
8413,51.065
8414,40.575
8415,23.3
8416,33.635000000000005
8417,52.845000000000006
8418,29.0
8419,92.705
8420,18.465
8421,19.135
8422,42.245000000000005
8423,27.110000000000003
8424,33.85
8425,24.85
8426,44.9
8427,21.315
8428,61.705
8429,66.315
8430,26.560000000000002
8431,28.0
8432,20.55
8433,44.285000000000004
8434,32.492000000000004
8435,42.025
8436,35.714999999999996
8437,23.91
8438,38.33
8439,40.760000000000005
8440,32.489999999999995
8441,34.8
8442,15.645
8443,29.35
8444,20.104000000000003
8445,78.71000000000001
8446,19.75
8447,32.519999999999996
8448,42.940000000000005
8449,92.85
8450,63.58
8451,27.98
8452,22.95
8453,38.03
8454,55.887
8455,33.785000000000004
8456,16.755000000000003
8457,51.80499999999999
8458,61.875
8459,35.18
8460,39.8
8461,25.15
8462,53.5
8463,70.1
8464,22.3
8465,32.089999999999996
8466,45.35
8467,32.739999999999995
8468,32.7
8469,27.78
8470,43.875
8471,29.325
8472,29.825
8473,65.625
8474,29.325
8475,31.905
8476,63.2
8477,70.905
8478,22.884999999999998
8479,29.845
8480,25.4
8481,60.504999999999995
8482,92.85
8483,22.195
8484,32.55
8485,36.5
8486,41.8
8487,51.845000000000006
8488,19.8
8489,27.305
8490,41.334999999999994
8491,21.48
8492,21.779999999999998
8493,67.96000000000001
8494,30.005000000000003
8495,36.775
8496,34.05
8497,31.675
8498,32.21
8499,73.9
8500,21.225
8501,39.6
8502,28.425
8503,49.13
8504,27.160000000000004
8505,69.755
8506,65.875
8507,32.7583
8508,25.4
8509,25.839999999999996
8510,33.160000000000004
8511,64.85499999999999
8512,84.45
8513,57.334999999999994
8514,52.845000000000006
8515,20.85
8516,33.260000000000005
8517,28.005000000000003
8518,30.225
8519,47.85
8520,20.75
8521,71.2
8522,38.25
8523,23.3935
8524,24.669999999999998
8525,23.705000000000002
8526,56.45
8527,59.625
8528,32.875
8529,39.3
8530,25.615
8531,30.48
8532,25.4
8533,26.51
8534,95.795
8535,29.75
8536,20.122500000000002
8537,30.160000000000004
8538,75.8
8539,30.915
8540,60.6
8541,19.25
8542,35.895
8543,18.2
8544,29.5
8545,39.560500000000005
8546,27.21
8547,33.925
8548,55.9
8549,36.45
8550,15.219
8551,44.455
8552,54.0
8553,26.675
8554,35.31
8555,28.505000000000003
8556,52.69500000000001
8557,17.215
8558,30.93
8559,33.55499999999999
8560,38.03
8561,33.125
8562,34.114999999999995
8563,23.55
8564,39.05
8565,30.155
8566,75.825
8567,99.84
8568,42.035000000000004
8569,74.45
8570,30.28
8571,21.25
8572,65.00999999999999
8573,37.55
8574,37.0
8575,58.1
8576,32.885000000000005
8577,66.05499999999999
8578,35.5
8579,70.175
8580,25.660000000000004
8581,46.05
8582,18.464999999999996
8583,44.97
8584,22.15
8585,29.875
8586,94.5
8587,41.485
8588,35.5
8589,61.15
8590,30.535000000000004
8591,22.5
8592,39.505
8593,29.455000000000002
8594,64.80999999999999
8595,30.605
8596,24.925
8597,48.725
8598,59.325
8599,64.81
8600,51.15
8601,49.57
8602,51.95
8603,20.375
8604,47.875
8605,22.78
8606,31.285000000000004
8607,31.95
8608,28.28
8609,20.195
8610,43.25
8611,25.225
8612,48.5
8613,103.8
8614,92.55499999999999
8615,39.855000000000004
8616,48.55
8617,55.075
8618,50.25
8619,25.55
8620,35.7
8621,41.95
8622,40.35
8623,15.88
8624,23.990000000000002
8625,63.80499999999999
8626,30.160000000000004
8627,49.45
8628,58.075
8629,30.494999999999997
8630,28.877999999999997
8631,33.335
8632,40.810500000000005
8633,21.98
8634,68.12
8635,26.410000000000004
8636,21.5075
8637,84.775
8638,30.910000000000004
8639,23.55
8640,27.4
8641,20.3
8642,37.255
8643,41.15
8644,32.8
8645,22.7
8646,32.1
8647,36.8
8648,29.225
8649,30.235000000000003
8650,20.775
8651,50.225
8652,47.875
8653,67.6
8654,61.15
8655,58.504999999999995
8656,39.55
8657,34.14
8658,61.55499999999999
8659,21.4
8660,30.844
8661,40.464999999999996
8662,61.275
8663,27.65
8664,62.404999999999994
8665,42.894999999999996
8666,31.03
8667,35.375
8668,47.971000000000004
8669,19.4075
8670,23.0825
8671,27.74
8672,20.575
8673,29.85
8674,44.3
8675,25.345
8676,26.51
8677,69.425
8678,33.635000000000005
8679,29.85
8680,65.05
8681,19.185
8682,29.169999999999998
8683,23.21
8684,20.015
8685,66.05499999999999
8686,28.975
8687,29.125
8688,62.15
8689,23.055
8690,20.25
8691,33.9
8692,35.9
8693,69.0
8694,46.78
8695,68.35
8696,60.364999999999995
8697,20.1
8698,21.0825
8699,50.992000000000004
8700,65.4
8701,33.281
8702,23.880000000000003
8703,22.3
8704,68.075
8705,64.8
8706,68.15
8707,25.2
8708,61.22499999999999
8709,51.295
8710,27.53
8711,48.22
8712,22.95
8713,61.89
8714,65.55499999999999
8715,46.095000000000006
8716,67.6
8717,29.419999999999998
8718,33.45
8719,34.665
8720,73.1
8721,20.5
8722,24.41
8723,32.335
8724,21.2
8725,34.15
8726,36.855000000000004
8727,34.75
8728,56.3
8729,37.985
8730,25.55
8731,92.795
8732,26.1
8733,23.869999999999997
8734,33.7
8735,42.82
8736,21.05
8737,32.435
8738,28.7
8739,30.85
8740,28.395000000000003
8741,34.14
8742,48.875
8743,42.685
8744,39.7
8745,99.15
8746,52.325
8747,40.0
8748,74.0
8749,41.63
8750,50.57000000000001
8751,19.925
8752,25.4
8753,32.888999999999996
8754,70.35
8755,35.3
8756,36.045
8757,62.56
8758,30.805
8759,62.05
8760,26.595000000000006
8761,32.03
8762,33.705
8763,22.29
8764,22.4
8765,35.4
8766,26.314999999999998
8767,61.9
8768,36.35
8769,64.87
8770,36.0
8771,67.0
8772,73.95
8773,17.384999999999998
8774,28.45
8775,28.975
8776,26.935000000000002
8777,28.18
8778,33.6
8779,64.755
8780,33.923
8781,25.85
8782,33.775
8783,30.53
8784,56.915
8785,18.020000000000003
8786,30.8
8787,44.925
8788,25.2
8789,58.165
8790,27.225
8791,48.746
8792,69.75
8793,53.57000000000001
8794,37.375
8795,48.805
8796,58.975
8797,25.035
8798,24.759999999999998
8799,32.7583
8800,57.4
8801,26.439999999999998
8802,50.75
8803,32.1
8804,61.45
8805,30.544999999999998
8806,54.8755
8807,25.21
8808,32.15
8809,50.07
8810,33.17
8811,32.545
8812,22.68
8813,40.65
8814,68.55
8815,56.7
8816,19.105
8817,24.105
8818,47.27
8819,24.5
8820,46.4
8821,18.745
8822,19.148500000000002
8823,22.3
8824,35.0
8825,68.15
8826,32.36
8827,31.635
8828,67.675
8829,56.895
8830,34.55
8831,34.475
8832,94.6
8833,40.05
8834,24.15
8835,23.935
8836,28.6
8837,87.95
8838,22.669999999999998
8839,94.5
8840,39.0
8841,65.875
8842,20.04
8843,59.65
8844,30.325
8845,25.660000000000004
8846,20.5
8847,20.375
8848,22.15
8849,54.095000000000006
8850,27.45
8851,31.78
8852,46.3
8853,31.855
8854,36.15
8855,64.1
8856,30.395
8857,22.665
8858,34.560500000000005
8859,59.205
8860,32.035
8861,68.995
8862,30.610000000000003
8863,33.281
8864,64.35
8865,41.425
8866,73.15
8867,36.65
8868,39.0
8869,47.3
8870,42.7983
8871,42.519999999999996
8872,66.55
8873,26.089999999999996
8874,31.544999999999998
8875,27.075
8876,27.5
8877,27.305
8878,22.32
8879,21.28
8880,28.15
8881,49.3
8882,51.9625
8883,42.92999999999999
8884,26.55
8885,66.5
8886,79.11
8887,44.1
8888,21.0825
8889,41.391000000000005
8890,37.760000000000005
8891,67.85
8892,80.35
8893,47.375
8894,30.6
8895,39.275
8896,48.85
8897,26.110000000000003
8898,16.755000000000003
8899,35.135000000000005
8900,33.1
8901,64.10499999999999
8902,52.65
8903,37.605000000000004
8904,29.29
8905,32.089999999999996
8906,20.634999999999998
8907,68.215
8908,66.51
8909,62.4
8910,26.35
8911,42.565000000000005
8912,70.35
8913,21.805
8914,49.6
8915,75.25
8916,30.585
8917,32.86
8918,19.439999999999998
8919,48.31
8920,22.725
8921,52.375
8922,18.395
8923,24.595
8924,53.2
8925,45.95
8926,31.75
8927,45.25
8928,67.05
8929,39.3
8930,36.65
8931,21.134999999999998
8932,31.375
8933,50.510000000000005
8934,29.855
8935,39.6
8936,54.0
8937,62.48
8938,19.65
8939,28.845
8940,69.45
8941,51.69500000000001
8942,65.0
8943,69.95
8944,36.875
8945,25.225
8946,62.404999999999994
8947,29.935000000000002
8948,26.27
8949,42.135000000000005
8950,19.675
8951,31.05
8952,28.4
8953,61.55
8954,36.955
8955,31.895
8956,30.835
8957,48.55
8958,26.439999999999998
8959,36.089
8960,42.6
8961,52.05
8962,29.76
8963,63.9
8964,53.245000000000005
8965,57.525
8966,63.2
8967,90.84
8968,19.634999999999998
8969,67.6
8970,42.5
8971,28.95
8972,64.10499999999999
8973,28.160000000000004
8974,52.75
8975,31.085
8976,24.119999999999997
8977,48.925
8978,32.7583
8979,29.465000000000003
8980,25.1
8981,27.975
8982,80.9
8983,31.235000000000003
8984,29.755000000000003
8985,27.1
8986,69.845
8987,58.975
8988,20.5
8989,38.585
8990,54.93300000000001
8991,38.08
8992,35.3
8993,25.505000000000003
8994,27.79
8995,57.725
8996,27.22
8997,22.14
8998,23.4075
8999,27.339999999999996
9000,70.1
9001,51.8775
9002,62.05
9003,29.395
9004,56.45
9005,56.145
9006,62.4
9007,35.7
9008,61.15
9009,67.35
9010,31.7
9011,23.330000000000002
9012,94.2
9013,31.885
9014,70.155
9015,61.6
9016,24.825
9017,74.25
9018,65.83
9019,60.975
9020,34.47
9021,26.560000000000002
9022,27.939999999999998
9023,30.869999999999997
9024,35.18
9025,24.8
9026,44.408
9027,51.35
9028,45.75
9029,37.125
9030,51.75
9031,25.2
9032,34.575
9033,27.3
9034,21.3635
9035,25.55
9036,32.605000000000004
9037,90.45
9038,51.645
9039,23.380000000000003
9040,35.92
9041,40.06
9042,25.285000000000004
9043,69.1
9044,22.5
9045,29.514999999999997
9046,29.880000000000003
9047,30.05
9048,58.1
9049,62.4
9050,36.07
9051,25.2
9052,47.9
9053,40.35
9054,38.335
9055,31.4
9056,37.0
9057,26.4
9058,82.875
9059,63.2
9060,34.1105
9061,92.015
9062,34.1
9063,24.79
9064,41.32
9065,54.95
9066,38.667
9067,26.810000000000002
9068,32.9
9069,29.135
9070,18.564999999999998
9071,29.98
9072,18.73
9073,19.3
9074,61.15
9075,27.975
9076,19.770000000000003
9077,21.2
9078,69.05
9079,97.6
9080,29.125
9081,50.0
9082,25.625
9083,31.854999999999997
9084,56.75
9085,27.115
9086,21.48
9087,79.51
9088,51.925
9089,31.881
9090,20.75
9091,71.4
9092,45.885000000000005
9093,26.1
9094,25.8
9095,71.01050000000001
9096,49.75
9097,28.55
9098,22.605
9099,93.705
9100,26.77
9101,47.555
9102,21.45
9103,36.03
9104,38.8
9105,33.21
9106,26.360000000000003
9107,33.775
9108,29.5
9109,61.9
9110,29.95
9111,35.04
9112,41.97
9113,26.07
9114,47.85
9115,35.165
9116,29.255000000000003
9117,34.05
9118,33.125
9119,63.6
9120,19.28
9121,69.0
9122,28.919999999999998
9123,32.31
9124,30.8
9125,24.65
9126,52.629999999999995
9127,25.2
9128,34.105000000000004
9129,48.9
9130,47.239999999999995
9131,64.95
9132,36.75
9133,61.169999999999995
9134,29.115
9135,19.625
9136,43.4
9137,24.240000000000002
9138,82.44500000000001
9139,34.32
9140,68.15
9141,18.395
9142,23.61
9143,29.855
9144,31.45
9145,33.435
9146,52.9
9147,45.95
9148,60.120000000000005
9149,26.156
9150,69.755
9151,45.6
9152,18.105
9153,30.195
9154,24.145000000000003
9155,73.155
9156,29.175
9157,21.919999999999998
9158,23.36
9159,23.375
9160,41.8
9161,32.8
9162,26.639999999999997
9163,29.595
9164,67.9
9165,22.65
9166,57.815
9167,51.55
9168,59.35
9169,33.685
9170,72.1
9171,19.655
9172,94.2
9173,97.85
9174,92.28
9175,73.075
9176,31.669999999999998
9177,84.775
9178,27.53
9179,34.105000000000004
9180,28.9
9181,24.86
9182,74.955
9183,27.485000000000003
9184,26.735000000000003
9185,26.595000000000006
9186,42.87
9187,33.989999999999995
9188,39.725
9189,18.464999999999996
9190,32.15
9191,69.75
9192,20.15
9193,40.165
9194,30.99
9195,35.18
9196,51.2
9197,95.19
9198,72.8
9199,23.965
9200,67.55
9201,44.8
9202,61.15
9203,30.825
9204,25.215
9205,18.825
9206,24.65
9207,88.05
9208,68.17
9209,56.15
9210,31.76
9211,41.485
9212,23.055
9213,95.1
9214,35.7
9215,27.869999999999997
9216,37.95
9217,35.04
9218,29.175
9219,33.769999999999996
9220,31.855
9221,32.7
9222,31.7
9223,48.004999999999995
9224,32.489999999999995
9225,29.825
9226,31.8
9227,68.7
9228,48.925
9229,67.55
9230,25.025
9231,56.45
9232,29.755000000000003
9233,57.85
9234,66.85
9235,35.18
9236,71.5
9237,47.27
9238,19.435
9239,49.6
9240,30.095
9241,31.142000000000003
9242,34.25
9243,49.3
9244,23.330000000000002
9245,68.2
9246,41.15
9247,43.32
9248,31.735000000000003
9249,76.8605
9250,17.244999999999997
9251,59.675
9252,28.880000000000003
9253,16.979999999999997
9254,34.25
9255,24.419999999999998
9256,31.26
9257,92.35499999999999
9258,65.55499999999999
9259,75.33
9260,35.18
9261,66.905
9262,53.65
9263,54.125
9264,27.0
9265,14.044999999999998
9266,51.125
9267,32.0
9268,59.65
9269,17.45
9270,26.26
9271,51.8
9272,89.6
9273,23.15
9274,53.05
9275,67.75
9276,64.10499999999999
9277,69.45
9278,19.2
9279,67.6
9280,39.4733
9281,77.525
9282,63.25
9283,38.45
9284,54.7
9285,27.53
9286,25.15
9287,32.85
9288,93.45
9289,43.82
9290,25.95
9291,31.214999999999996
9292,35.185
9293,40.7
9294,67.96000000000001
9295,30.43
9296,20.044999999999998
9297,29.265000000000004
9298,36.339999999999996
9299,41.43
9300,37.468
9301,20.830000000000002
9302,42.85
9303,50.155
9304,19.435
9305,21.56
9306,27.21
9307,54.1
9308,93.35
9309,59.15
9310,27.939999999999998
9311,21.685
9312,32.3
9313,64.2
9314,33.635000000000005
9315,32.35
9316,71.30499999999999
9317,29.02
9318,27.95
9319,64.755
9320,35.131
9321,54.4125
9322,34.06
9323,22.75
9324,33.61
9325,29.825
9326,31.025
9327,60.05
9328,26.6
9329,32.0
9330,41.533
9331,36.82
9332,26.51
9333,29.444
9334,25.8
9335,40.328
9336,17.705000000000002
9337,33.4
9338,98.45
9339,59.36
9340,95.7
9341,67.07000000000001
9342,27.714999999999996
9343,36.875
9344,33.835
9345,36.5083
9346,26.560000000000002
9347,40.7605
9348,23.48
9349,22.4
9350,17.235
9351,34.1105
9352,41.665
9353,64.1
9354,20.419
9355,59.387
9356,26.110000000000003
9357,59.85
9358,18.73
9359,29.512
9360,29.76
9361,37.35
9362,29.880000000000003
9363,50.14
9364,24.56
9365,20.7
9366,72.8
9367,59.754999999999995
9368,41.795
9369,47.14
9370,33.06
9371,27.05
9372,64.85
9373,56.839999999999996
9374,36.445
9375,34.06
9376,21.25
9377,30.205000000000002
9378,46.15
9379,39.765
9380,26.054999999999996
9381,23.305
9382,52.19200000000001
9383,26.451999999999998
9384,37.4
9385,73.45
9386,29.01
9387,52.6
9388,46.120000000000005
9389,50.192
9390,32.155
9391,31.355
9392,23.415
9393,27.3
9394,47.25
9395,54.0
9396,31.110000000000003
9397,27.764999999999997
9398,51.364999999999995
9399,20.015
9400,71.475
9401,28.369999999999997
9402,21.830000000000002
9403,19.9
9404,38.455
9405,47.815
9406,63.80499999999999
9407,51.625
9408,24.955000000000002
9409,33.46
9410,33.894999999999996
9411,48.925
9412,29.1
9413,21.4
9414,17.830000000000002
9415,28.880000000000003
9416,20.145
9417,22.85
9418,26.035000000000004
9419,23.630000000000003
9420,18.020000000000003
9421,66.60499999999999
9422,38.8
9423,30.419999999999998
9424,41.65
9425,30.55
9426,40.35
9427,28.360000000000003
9428,67.55
9429,17.475
9430,25.74
9431,29.85
9432,36.275
9433,30.74
9434,42.56
9435,58.975
9436,26.610000000000003
9437,41.8
9438,89.15
9439,40.81
9440,28.185000000000002
9441,52.342000000000006
9442,19.275
9443,30.017000000000003
9444,27.96
9445,20.294999999999998
9446,58.575
9447,26.51
9448,21.419999999999998
9449,72.65
9450,21.17
9451,38.510000000000005
9452,37.9
9453,36.75
9454,26.2
9455,18.25
9456,55.010000000000005
9457,26.044999999999998
9458,35.335
9459,36.095
9460,24.875
9461,47.43
9462,43.03
9463,57.989999999999995
9464,71.80499999999999
9465,78.875
9466,25.8
9467,42.88
9468,36.345000000000006
9469,45.105000000000004
9470,28.95
9471,34.1
9472,42.05
9473,26.225
9474,23.314999999999998
9475,69.75
9476,43.4983
9477,32.3
9478,67.7
9479,73.25
9480,39.3
9481,25.74
9482,43.160000000000004
9483,34.06295
9484,89.925
9485,39.89
9486,26.514999999999997
9487,25.15
9488,30.915
9489,26.425
9490,33.225
9491,56.35
9492,30.175
9493,31.475
9494,53.56
9495,37.705
9496,69.35
9497,64.87
9498,81.5
9499,58.205
9500,65.83500000000001
9501,83.1
9502,66.47999999999999
9503,32.931
9504,28.845
9505,29.981
9506,38.37
9507,27.4
9508,24.64
9509,25.775
9510,33.65
9511,31.95
9512,27.895
9513,18.020000000000003
9514,31.025
9515,32.235
9516,36.15
9517,68.2
9518,64.775
9519,23.575
9520,70.42
9521,45.025
9522,33.6
9523,20.485
9524,95.19
9525,57.175
9526,18.1
9527,91.55
9528,53.0
9529,73.0
9530,33.1
9531,84.4
9532,26.26
9533,27.937
9534,65.4
9535,71.475
9536,32.114999999999995
9537,66.155
9538,31.25
9539,26.1
9540,33.335
9541,41.35
9542,40.515
9543,51.375
9544,64.755
9545,27.865
9546,22.85
9547,35.14
9548,90.9
9549,60.510000000000005
9550,68.0455
9551,56.45
9552,18.6
9553,22.195
9554,33.15
9555,30.308299999999996
9556,35.25
9557,92.35499999999999
9558,18.594
9559,28.835
9560,56.35
9561,66.01
9562,52.7
9563,73.155
9564,21.475
9565,34.035000000000004
9566,45.75
9567,67.41499999999999
9568,24.975
9569,26.05
9570,21.25
9571,64.5
9572,69.95
9573,24.77
9574,35.370999999999995
9575,31.76
9576,73.6
9577,27.955000000000002
9578,48.79
9579,47.9
9580,24.8
9581,34.75
9582,38.275
9583,28.725
9584,35.55
9585,40.2
9586,30.8
9587,38.755
9588,51.0
9589,69.72
9590,19.085
9591,22.98
9592,29.825
9593,65.30499999999999
9594,30.0
9595,33.031
9596,21.1
9597,43.0
9598,77.85
9599,98.25
9600,44.144999999999996
9601,38.28
9602,81.1
9603,26.125
9604,29.85
9605,68.6
9606,11.18
9607,42.971000000000004
9608,36.15
9609,26.45
9610,32.92
9611,61.08
9612,36.8
9613,30.25
9614,72.05
9615,56.85
9616,68.975
9617,51.4
9618,21.875
9619,68.2
9620,35.8
9621,29.637
9622,73.15
9623,33.325
9624,59.3
9625,142.55
9626,63.654999999999994
9627,62.24499999999999
9628,69.755
9629,77.96000000000001
9630,35.18
9631,21.655
9632,66.60499999999999
9633,70.425
9634,53.345000000000006
9635,34.64
9636,75.875
9637,89.9
9638,33.525
9639,22.68
9640,20.8
9641,40.335
9642,27.05
9643,30.74
9644,33.575
9645,40.375
9646,45.415
9647,17.235
9648,21.95
9649,79.51
9650,18.5325
9651,29.005000000000003
9652,57.2
9653,28.15
9654,28.6
9655,21.035
9656,21.04
9657,96.33
9658,33.86
9659,27.610000000000003
9660,43.9
9661,32.685
9662,65.4
9663,70.905
9664,62.05
9665,31.555
9666,22.625
9667,36.295
9668,30.935000000000002
9669,30.310000000000002
9670,21.3
9671,61.845000000000006
9672,49.1
9673,46.8
9674,33.245000000000005
9675,38.36
9676,54.25
9677,37.135000000000005
9678,43.35
9679,57.9
9680,26.060000000000002
9681,94.89
9682,29.78
9683,61.15
9684,46.120000000000005
9685,22.3
9686,50.57000000000001
9687,30.060000000000002
9688,46.730000000000004
9689,35.464999999999996
9690,30.214999999999996
9691,31.589999999999996
9692,54.745000000000005
9693,27.68
9694,17.09
9695,46.0475
9696,49.39
9697,54.2
9698,33.325
9699,86.77
9700,28.5
9701,62.3
9702,33.989999999999995
9703,66.4
9704,71.9
9705,20.1
9706,17.395
9707,113.1
9708,24.325
9709,43.255
9710,69.75
9711,60.15
9712,25.74
9713,74.025
9714,25.2
9715,26.839999999999996
9716,25.34
9717,25.45
9718,74.45
9719,36.394999999999996
9720,62.525
9721,19.790000000000003
9722,16.759999999999998
9723,21.605
9724,16.5
9725,28.6
9726,59.325
9727,30.310000000000002
9728,23.425
9729,32.475
9730,38.120000000000005
9731,41.5
9732,52.225
9733,37.67
9734,27.0
9735,56.930499999999995
9736,25.05
9737,73.15
9738,61.55499999999999
9739,82.875
9740,50.425
9741,25.639999999999997
9742,23.05
9743,32.42
9744,54.95
9745,73.35
9746,30.579999999999995
9747,81.95
9748,28.6
9749,28.410000000000004
9750,21.05
9751,70.35
9752,23.330000000000002
9753,31.96
9754,33.29
9755,94.5
9756,20.45
9757,32.25
9758,70.7
9759,28.74
9760,36.83
9761,20.095
9762,29.5
9763,54.75
9764,48.875
9765,22.85
9766,95.295
9767,18.395
9768,17.395
9769,32.980000000000004
9770,49.61
9771,66.55
9772,28.585
9773,47.745
9774,30.8
9775,41.155
9776,24.155
9777,20.655
9778,21.630000000000003
9779,65.2
9780,43.07000000000001
9781,28.9
9782,38.739999999999995
9783,27.65
9784,17.4575
9785,47.875
9786,32.19500000000001
9787,61.4
9788,24.375
9789,27.82
9790,54.625
9791,24.97
9792,53.05
9793,39.36
9794,32.65
9795,62.004999999999995
9796,30.845000000000006
9797,58.75
9798,46.4
9799,68.6
9800,21.17
9801,15.975
9802,94.5
9803,39.6
9804,23.425
9805,69.95
9806,92.7
9807,36.11
9808,36.885000000000005
9809,19.583499999999997
9810,20.310000000000002
9811,92.955
9812,50.2
9813,25.384999999999998
9814,23.330000000000002
9815,89.15
9816,32.7
9817,61.6
9818,44.845
9819,38.665
9820,64.10499999999999
9821,20.03
9822,39.605000000000004
9823,41.5
9824,28.95
9825,56.05
9826,34.905
9827,20.3
9828,30.919999999999998
9829,33.65
9830,13.75
9831,18.73
9832,26.025
9833,48.1
9834,26.360000000000003
9835,42.05
9836,42.65
9837,29.994999999999997
9838,20.8
9839,50.405
9840,66.9
9841,22.725
9842,19.925
9843,35.3
9844,23.73
9845,72.25
9846,33.555
9847,65.65
9848,37.145
9849,18.55
9850,60.120000000000005
9851,51.7
9852,30.825
9853,32.775
9854,56.85
9855,53.325
9856,93.45
9857,24.075
9858,30.884999999999998
9859,45.94
9860,70.045
9861,51.375
9862,60.1
9863,66.25
9864,21.990000000000002
9865,20.75
9866,20.9
9867,32.28
9868,20.958499999999997
9869,27.1
9870,32.32
9871,62.855
9872,35.765
9873,27.645
9874,29.025
9875,48.2
9876,65.9
9877,74.45
9878,70.83
9879,41.644999999999996
9880,21.95
9881,26.27
9882,75.875
9883,71.1
9884,24.240000000000002
9885,20.517500000000002
9886,62.3
9887,32.135000000000005
9888,71.245
9889,29.095
9890,74.85
9891,32.3
9892,40.985
9893,29.615
9894,32.93
9895,49.5
9896,41.410000000000004
9897,30.28
9898,45.839999999999996
9899,43.15
9900,26.860000000000003
9901,31.794999999999998
9902,67.675
9903,34.65
9904,22.65
9905,87.4
9906,23.005000000000003
9907,48.1
9908,22.55
9909,49.38
9910,38.552949999999996
9911,26.4
9912,92.85
9913,34.05
9914,50.2
9915,56.7
9916,52.25
9917,48.735
9918,37.18
9919,35.31
9920,23.425
9921,39.05
9922,50.7
9923,38.585
9924,36.875
9925,15.919
9926,22.475
9927,26.525
9928,43.025
9929,43.658
9930,61.2
9931,61.7
9932,40.175
9933,27.1
9934,84.85
9935,31.96
9936,18.4
9937,37.725
9938,29.35
9939,42.33
9940,26.18
9941,52.85
9942,25.665
9943,74.045
9944,40.93
9945,29.895
9946,71.80499999999999
9947,22.544999999999998
9948,39.55
9949,30.105
9950,35.114999999999995
9951,23.169999999999998
9952,45.875
9953,69.55
9954,51.05
9955,33.8
9956,30.1
9957,90.205
9958,88.35
9959,38.5
9960,28.45
9961,33.975
9962,24.165
9963,73.155
9964,32.455
9965,70.7
9966,50.0
9967,32.175
9968,40.725
9969,18.020000000000003
9970,91.75
9971,70.45
9972,57.1
9973,33.125
9974,49.825
9975,68.575
9976,57.9
9977,36.955
9978,69.55
9979,48.925
9980,34.155
9981,64.85499999999999
9982,17.93
9983,28.25
9984,18.395
9985,22.45
9986,69.0
9987,39.4
9988,67.6
9989,57.019999999999996
9990,22.665
9991,26.95
9992,22.575
9993,40.335
9994,23.3
9995,97.4
9996,21.1
9997,65.55
9998,30.345
9999,43.585
10000,21.4
10001,16.4685
10002,29.225
10003,54.2
10004,66.41499999999999
10005,38.06
10006,29.98
10007,24.6
10008,48.755
10009,35.239
10010,37.62
10011,59.129999999999995
10012,55.887
10013,19.22
10014,22.015
10015,32.55
10016,41.57
10017,47.655
10018,26.425
10019,37.145
10020,23.759999999999998
10021,56.1
10022,21.53
10023,32.63
10024,47.415
10025,22.54
10026,72.675
10027,21.375
10028,39.86
10029,67.65
10030,28.975
10031,68.15
10032,61.345000000000006
10033,51.8
10034,25.44
10035,62.325
10036,31.639999999999997
10037,33.38
10038,34.05
10039,33.635000000000005
10040,26.139999999999997
10041,27.535000000000004
10042,30.264999999999997
10043,23.705000000000002
10044,51.423
10045,50.95
10046,23.655
10047,18.9
10048,22.825
10049,24.82
10050,30.910500000000003
10051,51.025
10052,32.78
10053,68.215
10054,36.295
10055,54.65
10056,53.045
10057,36.8
10058,38.7605
10059,27.53
10060,32.835
10061,26.810000000000002
10062,34.85
10063,35.38
10064,21.345000000000002
10065,61.79200000000001
10066,62.245000000000005
10067,48.45
10068,37.65
10069,58.55
10070,62.55499999999999
10071,20.714999999999996
10072,33.445
10073,32.94
10074,45.725
10075,22.919999999999998
10076,80.625
10077,28.55
10078,32.29
10079,60.144999999999996
10080,22.125
10081,94.05
10082,23.330000000000002
10083,51.625
10084,36.565
10085,22.585
10086,23.475
10087,32.15
10088,59.75
10089,26.375
10090,26.85
10091,35.25
10092,18.9
10093,32.029999999999994
10094,38.36
10095,22.69
10096,32.285000000000004
10097,54.15
10098,29.85
10099,32.2
10100,63.455
10101,33.83
10102,38.08
10103,22.732499999999998
10104,22.35
10105,30.125
10106,35.525
10107,76.51
10108,18.020000000000003
10109,51.2
10110,28.6
10111,41.45
10112,23.935
10113,37.7105
10114,64.81
10115,36.8
10116,43.7
10117,33.125
10118,22.8
10119,29.4
10120,32.1
10121,70.175
10122,52.875
10123,69.6
10124,84.75
10125,36.15
10126,62.355
10127,70.1305
10128,57.65
10129,36.225
10130,52.277499999999996
10131,37.738
10132,87.65
10133,44.7
10134,21.96
10135,35.15
10136,21.315
10137,30.693
10138,30.195
10139,54.8
10140,21.725
10141,28.080000000000002
10142,44.523
10143,49.05
10144,56.972500000000004
10145,53.245000000000005
10146,25.555
10147,59.35
10148,36.8
10149,26.65
10150,64.3305
10151,23.21
10152,90.635
10153,37.425
10154,55.010000000000005
10155,38.263
10156,24.4
10157,77.95500000000001
10158,34.185
10159,23.119999999999997
10160,34.79
10161,86.375
10162,69.5
10163,26.089999999999996
10164,41.468
10165,21.509999999999998
10166,59.754999999999995
10167,46.96
10168,29.919999999999998
10169,29.77
10170,42.125
10171,24.52
10172,25.2
10173,29.76
10174,33.864999999999995
10175,44.394999999999996
10176,29.85
10177,31.29
10178,27.0
10179,20.0
10180,34.9
10181,53.65
10182,34.575
10183,37.675
10184,65.85
10185,45.06
10186,56.45
10187,29.935000000000002
10188,41.63
10189,24.55
10190,38.65
10191,60.6
10192,61.980500000000006
10193,90.205
10194,21.0925
10195,23.025
10196,20.269
10197,28.330000000000002
10198,32.239999999999995
10199,18.75
10200,66.01
10201,46.0955
10202,30.8
10203,22.59
10204,68.215
10205,41.617999999999995
10206,25.225
10207,46.94
10208,33.45
10209,25.615
10210,32.7
10211,63.55
10212,24.125
10213,35.894999999999996
10214,54.125
10215,31.245000000000005
10216,69.05
10217,25.910000000000004
10218,43.173
10219,34.43
10220,24.32
10221,40.42
10222,91.715
10223,68.215
10224,45.025
10225,32.925
10226,25.32
10227,28.907999999999998
10228,34.6105
10229,57.137
10230,39.95
10231,19.405
10232,21.595000000000002
10233,50.245
10234,50.53
10235,25.15
10236,48.31
10237,26.4
10238,20.6375
10239,43.36
10240,69.85
10241,31.759999999999998
10242,20.8
10243,59.5125
10244,32.714999999999996
10245,58.95
10246,24.2
10247,34.825
10248,45.85
10249,33.86
10250,72.8
10251,54.915
10252,25.610000000000003
10253,19.535
10254,42.584999999999994
10255,66.25
10256,71.65
10257,43.160000000000004
10258,20.122500000000002
10259,33.175
10260,32.225
10261,72.45
10262,28.43
10263,25.660000000000004
10264,47.95
10265,24.81
10266,33.160000000000004
10267,35.9
10268,21.65
10269,35.7
10270,58.625
10271,27.425
10272,53.69
10273,54.45
10274,59.98
10275,26.9
10276,26.15
10277,43.089999999999996
10278,39.971
10279,81.715
10280,24.325
10281,39.560500000000005
10282,21.065
10283,41.1
10284,19.935
10285,63.4
10286,41.35
10287,30.655
10288,51.29
10289,23.705000000000002
10290,48.925
10291,42.2625
10292,26.15
10293,49.495
10294,25.8
10295,27.610000000000003
10296,37.55
10297,69.0
10298,40.05
10299,26.660000000000004
10300,29.865
10301,34.144999999999996
10302,62.9
10303,40.339999999999996
10304,16.66
10305,39.864999999999995
10306,61.654999999999994
10307,64.87
10308,45.3
10309,58.45
10310,64.10499999999999
10311,83.3
10312,79.51
10313,24.955000000000002
10314,48.745
10315,21.215
10316,23.675
10317,27.85
10318,27.895
10319,21.5425
10320,33.589999999999996
10321,26.75
10322,26.360000000000003
10323,26.04
10324,67.55
10325,48.125
10326,30.74
10327,31.064999999999998
10328,48.85
10329,99.14
10330,52.175
10331,32.175
10332,20.95
10333,18.464999999999996
10334,56.364999999999995
10335,49.9
10336,36.125
10337,31.26
10338,71.1
10339,68.215
10340,39.480000000000004
10341,68.6
10342,29.610000000000003
10343,31.855
10344,71.15
10345,66.155
10346,69.845
10347,66.3
10348,32.3
10349,27.160000000000004
10350,19.005000000000003
10351,60.81
10352,71.2
10353,45.480000000000004
10354,35.525
10355,93.705
10356,68.865
10357,40.765
10358,18.0
10359,30.025
10360,31.559999999999995
10361,69.845
10362,20.32
10363,93.74
10364,22.85
10365,63.455
10366,26.15
10367,30.592000000000002
10368,72.66
10369,23.2
10370,30.135
10371,39.0
10372,37.185
10373,35.685
10374,23.29
10375,18.085
10376,76.975
10377,64.825
10378,64.35
10379,30.9
10380,37.55
10381,54.4
10382,24.79
10383,67.6
10384,29.5
10385,54.25
10386,21.725
10387,31.35
10388,35.04
10389,21.134999999999998
10390,35.9
10391,82.16
10392,39.55
10393,83.315
10394,68.975
10395,74.155
10396,69.3
10397,27.1
10398,19.75
10399,34.79
10400,29.225
10401,33.1
10402,43.545
10403,18.564999999999998
10404,26.560000000000002
10405,41.325
10406,64.405
10407,26.935000000000002
10408,32.705
10409,38.585
10410,68.2
10411,32.38295
10412,66.65
10413,29.1
10414,30.74
10415,26.935000000000002
10416,27.73
10417,24.48
10418,23.04
10419,52.17999999999999
10420,26.35
10421,20.1
10422,34.47
10423,18.25
10424,26.15
10425,36.93
10426,68.6
10427,24.6
10428,40.9
10429,16.819
10430,28.9
10431,61.85
10432,45.94
10433,34.55
10434,38.25
10435,19.25
10436,21.68
10437,41.205
10438,30.48
10439,18.9
10440,20.259999999999998
10441,60.3
10442,22.464999999999996
10443,28.72
10444,34.43
10445,21.365000000000002
10446,27.21
10447,38.775
10448,29.890000000000004
10449,36.955
10450,37.4
10451,51.925
10452,43.2
10453,31.764999999999997
10454,30.74
10455,22.5
10456,75.49
10457,32.125
10458,24.41
10459,75.33
10460,25.605
10461,21.065
10462,31.175
10463,31.881
10464,23.15
10465,65.275
10466,29.75
10467,28.456
10468,31.375
10469,23.115000000000002
10470,30.4
10471,52.361000000000004
10472,37.9
10473,55.14
10474,21.065
10475,66.315
10476,41.6
10477,29.2
10478,24.357499999999998
10479,93.9
10480,43.265
10481,42.13
10482,36.415
10483,56.15
10484,18.805
10485,36.4
10486,26.660000000000004
10487,35.464999999999996
10488,41.85
10489,25.15
10490,19.630000000000003
10491,35.25
10492,63.55
10493,74.425
10494,20.1
10495,37.625
10496,33.435
10497,26.77
10498,20.185
10499,60.65
10500,89.1
10501,34.5
10502,24.145000000000003
10503,25.15
10504,46.88
10505,52.05
10506,73.5
10507,26.555
10508,35.18
10509,29.655
10510,32.63
10511,61.275
10512,30.99
10513,35.075
10514,42.94
10515,56.35
10516,61.45
10517,124.55
10518,36.885000000000005
10519,61.44500000000001
10520,51.525
10521,27.064999999999998
10522,76.675
10523,52.46
10524,72.8
10525,22.54
10526,94.5
10527,41.35
10528,23.015
10529,20.375
10530,62.819
10531,35.62
10532,46.120000000000005
10533,80.2
10534,14.145
10535,27.714999999999996
10536,28.619999999999997
10537,29.26
10538,33.38
10539,61.6
10540,19.2
10541,67.57000000000001
10542,68.975
10543,36.394999999999996
10544,40.945
10545,45.33
10546,26.77
10547,21.55
10548,33.635000000000005
10549,52.8
10550,32.6
10551,26.25
10552,32.437
10553,74.5
10554,21.225
10555,67.55
10556,30.75
10557,33.3605
10558,26.07
10559,33.525
10560,88.66499999999999
10561,42.3
10562,25.115000000000002
10563,42.285000000000004
10564,32.019999999999996
10565,31.605
10566,11.53
10567,33.339999999999996
10568,26.85
10569,72.75
10570,33.425
10571,67.57000000000001
10572,21.740000000000002
10573,31.169999999999998
10574,38.114999999999995
10575,27.410000000000004
10576,89.14
10577,66.15
10578,28.32
10579,32.095
10580,28.97
10581,28.45
10582,44.69
10583,27.3
10584,26.575
10585,45.395
10586,59.387
10587,45.2
10588,42.595000000000006
10589,34.93
10590,34.06
10591,35.1
10592,138.95
10593,70.1
10594,30.810000000000002
10595,39.46
10596,45.285000000000004
10597,32.05
10598,21.365000000000002
10599,49.15
10600,26.675
10601,30.310000000000002
10602,23.255000000000003
10603,54.125
10604,42.15
10605,89.25
10606,30.587
10607,32.989999999999995
10608,39.05
10609,22.225
10610,48.073
10611,29.375
10612,26.9
10613,25.2
10614,42.4
10615,22.05
10616,62.355
10617,18.3625
10618,22.630000000000003
10619,24.130000000000003
10620,64.10499999999999
10621,32.230000000000004
10622,20.5
10623,29.335
10624,33.46
10625,65.3
10626,38.425
10627,22.305
10628,27.714999999999996
10629,28.71
10630,21.355
10631,38.5233
10632,61.45
10633,51.423
10634,36.9
10635,47.455
10636,43.525
10637,38.08
10638,32.65
10639,43.6
10640,31.96
10641,33.0
10642,30.744999999999997
10643,58.3
10644,28.705000000000002
10645,31.26
10646,32.5
10647,30.46
10648,65.8
10649,34.19
10650,35.88
10651,84.375
10652,45.325
10653,30.585
10654,26.0
10655,35.3
10656,38.935
10657,21.0
10658,26.9
10659,33.515
10660,21.655
10661,68.57000000000001
10662,22.225
10663,66.05499999999999
10664,31.0255
10665,30.55
10666,22.765
10667,67.55
10668,55.35
10669,60.370000000000005
10670,44.1
10671,33.8
10672,26.214999999999996
10673,52.05499999999999
10674,44.1
10675,33.114999999999995
10676,41.5
10677,37.62
10678,29.169999999999998
10679,23.119999999999997
10680,24.45
10681,45.4
10682,40.35
10683,51.85
10684,22.85
10685,32.339999999999996
10686,33.46
10687,25.775
10688,68.975
10689,42.510000000000005
10690,22.5
10691,43.1
10692,104.2
10693,31.55
10694,40.25
10695,27.330000000000002
10696,57.6
10697,31.225
10698,28.330000000000002
10699,74.95
10700,25.169999999999998
10701,30.655
10702,25.814999999999998
10703,32.725
10704,26.15
10705,49.85
10706,61.754999999999995
10707,32.78
10708,22.625
10709,27.310000000000002
10710,34.32
10711,119.45
10712,63.145
10713,21.805
10714,24.955000000000002
10715,39.55
10716,27.6
10717,24.175
10718,63.675
10719,89.6
10720,33.125
10721,36.15
10722,31.35
10723,103.0
10724,49.095
10725,21.43
10726,48.925
10727,57.5
10728,60.35
10729,80.85
10730,42.33
10731,60.17999999999999
10732,36.35
10733,33.825
10734,54.4
10735,31.245000000000005
10736,25.660000000000004
10737,36.275
10738,73.125
10739,23.6
10740,56.045
10741,41.425
10742,24.145000000000003
10743,52.25
10744,38.053999999999995
10745,29.675
10746,21.31
10747,43.43599999999999
10748,38.625
10749,33.2
10750,35.335
10751,20.8235
10752,62.404999999999994
